<?xml version="1.0" encoding="UTF-8" ?>
<!DOCTYPE mapper PUBLIC "-//mybatis.org//DTD Mapper 3.0//EN" "http://mybatis.org/dtd/mybatis-3-mapper.dtd" >
<mapper namespace="com.ks.mapping.LoginInfoMapper" >
  <resultMap id="BaseResultMap" type="com.ks.pojo.LoginInfo" >
    <id column="ks_lg_id" property="ksLgId" jdbcType="INTEGER" />
    <result column="ks_lg_phone" property="ksLgPhone" jdbcType="VARCHAR" />
  </resultMap>
  <sql id="Base_Column_List" >
    ks_lg_id, ks_lg_phone
  </sql>
  <select id="selectByPrimaryKey" resultMap="BaseResultMap" parameterType="java.lang.Integer" >
    select 
    <include refid="Base_Column_List" />
    from ks_login_table
    where ks_lg_id = #{ksLgId,jdbcType=INTEGER}
  </select>
  <select id="selectByPhoneNum" resultMap="BaseResultMap" parameterType="java.lang.String">
  select 
    <include refid="Base_Column_List" />
    from ks_login_table
    where ks_lg_phone = #{ksLgPhone,jdbcType=VARCHAR}
  </select>
  <select id="selectByPage" resultType="com.ks.pojo.LoginInfo">
  select 
    <include refid="Base_Column_List" />
    from ks_login_table
  </select>
  <delete id="deleteByPrimaryKey" parameterType="java.lang.Integer" >
    delete from ks_login_table
    where ks_lg_id = #{ksLgId,jdbcType=INTEGER}
  </delete>
  <delete id="deleteByPhoneNum" parameterType="java.lang.String">
    delete from ks_login_table
    where ks_lg_phone = #{ksLgPhone,jdbcType=VARCHAR}
   </delete>
  <insert id="insert" parameterType="com.ks.pojo.LoginInfo" >
    insert into ks_login_table (ks_lg_id, ks_lg_phone)
    values (#{ksLgId,jdbcType=INTEGER}, #{ksLgPhone,jdbcType=VARCHAR})
  </insert>
  <insert id="insertSelective" parameterType="com.ks.pojo.LoginInfo" >
    insert into ks_login_table
    <trim prefix="(" suffix=")" suffixOverrides="," >
      <if test="ksLgId != null" >
        ks_lg_id,
      </if>
      <if test="ksLgPhone != null" >
        ks_lg_phone,
      </if>
    </trim>
    <trim prefix="values (" suffix=")" suffixOverrides="," >
      <if test="ksLgId != null" >
        #{ksLgId,jdbcType=INTEGER},
      </if>
      <if test="ksLgPhone != null" >
        #{ksLgPhone,jdbcType=VARCHAR},
      </if>
    </trim>
  </insert>
  <update id="updateByPrimaryKeySelective" parameterType="com.ks.pojo.LoginInfo" >
    update ks_login_table
    <set >
      <if test="ksLgPhone != null" >
        ks_lg_phone = #{ksLgPhone,jdbcType=VARCHAR},
      </if>
    </set>
    where ks_lg_id = #{ksLgId,jdbcType=INTEGER}
  </update>
  <update id="updateByPrimaryKey" parameterType="com.ks.pojo.LoginInfo" >
    update ks_login_table
    set ks_lg_phone = #{ksLgPhone,jdbcType=VARCHAR}
    where ks_lg_id = #{ksLgId,jdbcType=INTEGER}
  </update>
</mapper>