<?xml version="1.0" encoding="UTF-8" ?>
<!DOCTYPE mapper PUBLIC "-//mybatis.org//DTD Mapper 3.0//EN" "http://mybatis.org/dtd/mybatis-3-mapper.dtd" >
<mapper namespace="com.ks.mapping.MessageMapper">
	<resultMap id="BaseResultMap" type="com.ks.pojo.Message">
		<id column="id" property="id" jdbcType="INTEGER" />
		<result column="uid" property="uid" jdbcType="INTEGER" />
		<result column="from_phone_no" property="fromPhoneNo" jdbcType="VARCHAR" />
		<result column="to_phone_no" property="toPhoneNo" jdbcType="VARCHAR" />
		<result column="from_name" property="fromName" jdbcType="VARCHAR" />
		<result column="time" property="time" jdbcType="VARCHAR" />
	</resultMap>
	<resultMap id="ResultMapWithBLOBs" type="com.ks.pojo.Message"
		extends="BaseResultMap">
		<result column="msg" property="msg" jdbcType="LONGVARCHAR" />
	</resultMap>
	<sql id="Base_Column_List">
		id, uid, from_phone_no,to_phone_no, from_name, time
	</sql>
	<sql id="Blob_Column_List">
		msg
	</sql>
	<select id="selectByPrimaryKey" resultMap="ResultMapWithBLOBs"
		parameterType="java.lang.Integer">
		select
		<include refid="Base_Column_List" />
		,
		<include refid="Blob_Column_List" />
		from ks_msg
		where id = #{id,jdbcType=INTEGER}
	</select>
	
	<select id="selectByParam" parameterType="com.ks.pojo.Message" resultType="map"> 
	select
		<include refid="Base_Column_List" />
		,
		<include refid="Blob_Column_List" />
		from ks_msg
		where 1=1
		 <if test="uid != null">
			and	uid = #{uid,jdbcType=INTEGER}
			</if>
			<if test="fromPhoneNo != null">
				and from_phone_no = #{fromPhoneNo,jdbcType=VARCHAR}
			</if>
			<if test="toPhoneNo != null">
				and to_phone_no = #{toPhoneNo,jdbcType=VARCHAR}
			</if>
			<if test="fromName != null">
				and from_name = #{fromName,jdbcType=VARCHAR}
			</if>
			<if test="time != null">
				and time = #{time,jdbcType=VARCHAR}
			</if>
			<if test="msg != null">
				and msg = #{msg,jdbcType=LONGVARCHAR}
			</if>
	</select>
	
	<delete id="deleteByPrimaryKey" parameterType="java.lang.Integer">
		delete from ks_msg
		where id = #{id,jdbcType=INTEGER}
	</delete>
	<insert id="insert" parameterType="com.ks.pojo.Message">
		insert into ks_msg (id, uid,
		from_phone_no,to_phone_no,
		from_name, time, msg
		)
		values
		(#{id,jdbcType=INTEGER}, #{uid,jdbcType=INTEGER},
		#{fromPhoneNo,jdbcType=VARCHAR}, #{toPhoneNo,jdbcType=VARCHAR},
		#{fromName,jdbcType=VARCHAR}, #{time,jdbcType=VARCHAR},
		#{msg,jdbcType=LONGVARCHAR}
		)
	</insert>
	<insert id="insertSelective" parameterType="com.ks.pojo.Message">
		insert into ks_msg
		<trim prefix="(" suffix=")" suffixOverrides=",">
			<if test="id != null">
				id,
			</if>
			<if test="uid != null">
				uid,
			</if>
			<if test="fromPhoneNo != null">
				from_phone_no,
			</if>
			<if test="toPhoneNo != null">
				to_phone_no,
			</if>
			<if test="fromName != null">
				from_name,
			</if>
			<if test="time != null">
				time,
			</if>
			<if test="msg != null">
				msg,
			</if>
		</trim>
		<trim prefix="values (" suffix=")" suffixOverrides=",">
			<if test="id != null">
				#{id,jdbcType=INTEGER},
			</if>
			<if test="uid != null">
				#{uid,jdbcType=INTEGER},
			</if>
			<if test="fromPhoneNo != null">
				#{fromPhoneNo,jdbcType=VARCHAR},
			</if>
			<if test="toPhoneNo != null">
				#{toPhoneNo,jdbcType=VARCHAR},
			</if>
			<if test="fromName != null">
				#{fromName,jdbcType=VARCHAR},
			</if>
			<if test="time != null">
				#{time,jdbcType=VARCHAR},
			</if>
			<if test="msg != null">
				#{msg,jdbcType=LONGVARCHAR},
			</if>
		</trim>
	</insert>
	<update id="updateByPrimaryKeySelective" parameterType="com.ks.pojo.Message">
		update ks_msg
		<set>
			<if test="uid != null">
				uid = #{uid,jdbcType=INTEGER},
			</if>
			<if test="fromPhoneNo != null">
				from_phone_no = #{fromPhoneNo,jdbcType=VARCHAR},
			</if>
			<if test="toPhoneNo != null">
				to_phone_no = #{toPhoneNo,jdbcType=VARCHAR},
			</if>
			<if test="fromName != null">
				from_name = #{fromName,jdbcType=VARCHAR},
			</if>
			<if test="time != null">
				time = #{time,jdbcType=VARCHAR},
			</if>
			<if test="msg != null">
				msg = #{msg,jdbcType=LONGVARCHAR},
			</if>
		</set>
		where id = #{id,jdbcType=INTEGER}
	</update>
	<update id="updateByPrimaryKeyWithBLOBs" parameterType="com.ks.pojo.Message">
		update
		ks_msg
		set uid = #{uid,jdbcType=INTEGER},
		from_phone_no =
		#{fromPhoneNo,jdbcType=VARCHAR},
		to_phone_no =
		#{toPhoneNo,jdbcType=VARCHAR},
		from_name =
		#{fromName,jdbcType=VARCHAR},
		time = #{time,jdbcType=VARCHAR},
		msg =
		#{msg,jdbcType=LONGVARCHAR}
		where id = #{id,jdbcType=INTEGER}
	</update>
	<update id="updateByPrimaryKey" parameterType="com.ks.pojo.Message">
		update ks_msg
		set
		uid = #{uid,jdbcType=INTEGER},
		from_phone_no =
		#{fromPhoneNo,jdbcType=VARCHAR},
		to_phone_no =
		#{toPhoneNo,jdbcType=VARCHAR},
		from_name =
		#{fromName,jdbcType=VARCHAR},
		time = #{time,jdbcType=VARCHAR}
		where id =
		#{id,jdbcType=INTEGER}
	</update>
</mapper>