<?xml version="1.0" encoding="UTF-8" ?>
<!DOCTYPE mapper PUBLIC "-//mybatis.org//DTD Mapper 3.0//EN" "http://mybatis.org/dtd/mybatis-3-mapper.dtd" >
<mapper namespace="com.ks.mapping.MessageMapper" >
  <resultMap id="BaseResultMap" type="com.ks.pojo.Message" >
    <id column="id" property="id" jdbcType="INTEGER" />
    <result column="uid" property="uid" jdbcType="INTEGER" />
    <result column="phone_no" property="phoneNo" jdbcType="VARCHAR" />
    <result column="name" property="name" jdbcType="VARCHAR" />
    <result column="time" property="time" jdbcType="VARCHAR" />
  </resultMap>
  <resultMap id="ResultMapWithBLOBs" type="com.ks.pojo.Message" extends="BaseResultMap" >
    <result column="msg" property="msg" jdbcType="LONGVARCHAR" />
  </resultMap>
  <sql id="Base_Column_List" >
    id, uid, phone_no, name, time
  </sql>
  <sql id="Blob_Column_List" >
    msg
  </sql>
  <select id="selectByPrimaryKey" resultMap="ResultMapWithBLOBs" parameterType="java.lang.Integer" >
    select 
    <include refid="Base_Column_List" />
    ,
    <include refid="Blob_Column_List" />
    from ks_msg
    where id = #{id,jdbcType=INTEGER}
  </select>
  <delete id="deleteByPrimaryKey" parameterType="java.lang.Integer" >
    delete from ks_msg
    where id = #{id,jdbcType=INTEGER}
  </delete>
  <insert id="insert" parameterType="com.ks.pojo.Message" >
    insert into ks_msg (id, uid, phone_no, 
      name, time, msg
      )
    values (#{id,jdbcType=INTEGER}, #{uid,jdbcType=INTEGER}, #{phoneNo,jdbcType=VARCHAR}, 
      #{name,jdbcType=VARCHAR}, #{time,jdbcType=VARCHAR}, #{msg,jdbcType=LONGVARCHAR}
      )
  </insert>
  <insert id="insertSelective" parameterType="com.ks.pojo.Message" >
    insert into ks_msg
    <trim prefix="(" suffix=")" suffixOverrides="," >
      <if test="id != null" >
        id,
      </if>
      <if test="uid != null" >
        uid,
      </if>
      <if test="phoneNo != null" >
        phone_no,
      </if>
      <if test="name != null" >
        name,
      </if>
      <if test="time != null" >
        time,
      </if>
      <if test="msg != null" >
        msg,
      </if>
    </trim>
    <trim prefix="values (" suffix=")" suffixOverrides="," >
      <if test="id != null" >
        #{id,jdbcType=INTEGER},
      </if>
      <if test="uid != null" >
        #{uid,jdbcType=INTEGER},
      </if>
      <if test="phoneNo != null" >
        #{phoneNo,jdbcType=VARCHAR},
      </if>
      <if test="name != null" >
        #{name,jdbcType=VARCHAR},
      </if>
      <if test="time != null" >
        #{time,jdbcType=VARCHAR},
      </if>
      <if test="msg != null" >
        #{msg,jdbcType=LONGVARCHAR},
      </if>
    </trim>
  </insert>
  <update id="updateByPrimaryKeySelective" parameterType="com.ks.pojo.Message" >
    update ks_msg
    <set >
      <if test="uid != null" >
        uid = #{uid,jdbcType=INTEGER},
      </if>
      <if test="phoneNo != null" >
        phone_no = #{phoneNo,jdbcType=VARCHAR},
      </if>
      <if test="name != null" >
        name = #{name,jdbcType=VARCHAR},
      </if>
      <if test="time != null" >
        time = #{time,jdbcType=VARCHAR},
      </if>
      <if test="msg != null" >
        msg = #{msg,jdbcType=LONGVARCHAR},
      </if>
    </set>
    where id = #{id,jdbcType=INTEGER}
  </update>
  <update id="updateByPrimaryKeyWithBLOBs" parameterType="com.ks.pojo.Message" >
    update ks_msg
    set uid = #{uid,jdbcType=INTEGER},
      phone_no = #{phoneNo,jdbcType=VARCHAR},
      name = #{name,jdbcType=VARCHAR},
      time = #{time,jdbcType=VARCHAR},
      msg = #{msg,jdbcType=LONGVARCHAR}
    where id = #{id,jdbcType=INTEGER}
  </update>
  <update id="updateByPrimaryKey" parameterType="com.ks.pojo.Message" >
    update ks_msg
    set uid = #{uid,jdbcType=INTEGER},
      phone_no = #{phoneNo,jdbcType=VARCHAR},
      name = #{name,jdbcType=VARCHAR},
      time = #{time,jdbcType=VARCHAR}
    where id = #{id,jdbcType=INTEGER}
  </update>
</mapper>