<?xml version="1.0" encoding="UTF-8" ?>
<!DOCTYPE mapper PUBLIC "-//mybatis.org//DTD Mapper 3.0//EN" "http://mybatis.org/dtd/mybatis-3-mapper.dtd" >
<mapper namespace="com.ks.mapping.NewsMapper" >
  <resultMap id="BaseResultMap" type="com.ks.pojo.News" >
    <id column="id" property="id" jdbcType="INTEGER" />
    <result column="title" property="title" jdbcType="VARCHAR" />
    <result column="pic" property="pic" jdbcType="VARCHAR" />
    <result column="time" property="time" jdbcType="VARCHAR" />
    <result column="read_count" property="readCount" jdbcType="VARCHAR" />
  </resultMap>
  <sql id="Base_Column_List" >
    id, title, pic, time, read_count
  </sql>
  <select id="selectByPrimaryKey" resultMap="BaseResultMap" parameterType="java.lang.Integer" >
    select 
    <include refid="Base_Column_List" />
    from ks_news
    where id = #{id,jdbcType=INTEGER}
  </select>
  <delete id="deleteByPrimaryKey" parameterType="java.lang.Integer" >
    delete from ks_news
    where id = #{id,jdbcType=INTEGER}
  </delete>
  <insert id="insert" parameterType="com.ks.pojo.News" >
    insert into ks_news (id, title, pic, 
      time, read_count)
    values (#{id,jdbcType=INTEGER}, #{title,jdbcType=VARCHAR}, #{pic,jdbcType=VARCHAR}, 
      #{time,jdbcType=VARCHAR}, #{readCount,jdbcType=VARCHAR})
  </insert>
  <insert id="insertSelective" parameterType="com.ks.pojo.News" >
    insert into ks_news
    <trim prefix="(" suffix=")" suffixOverrides="," >
      <if test="id != null" >
        id,
      </if>
      <if test="title != null" >
        title,
      </if>
      <if test="pic != null" >
        pic,
      </if>
      <if test="time != null" >
        time,
      </if>
      <if test="readCount != null" >
        read_count,
      </if>
    </trim>
    <trim prefix="values (" suffix=")" suffixOverrides="," >
      <if test="id != null" >
        #{id,jdbcType=INTEGER},
      </if>
      <if test="title != null" >
        #{title,jdbcType=VARCHAR},
      </if>
      <if test="pic != null" >
        #{pic,jdbcType=VARCHAR},
      </if>
      <if test="time != null" >
        #{time,jdbcType=VARCHAR},
      </if>
      <if test="readCount != null" >
        #{readCount,jdbcType=VARCHAR},
      </if>
    </trim>
  </insert>
  <update id="updateByPrimaryKeySelective" parameterType="com.ks.pojo.News" >
    update ks_news
    <set >
      <if test="title != null" >
        title = #{title,jdbcType=VARCHAR},
      </if>
      <if test="pic != null" >
        pic = #{pic,jdbcType=VARCHAR},
      </if>
      <if test="time != null" >
        time = #{time,jdbcType=VARCHAR},
      </if>
      <if test="readCount != null" >
        read_count = #{readCount,jdbcType=VARCHAR},
      </if>
    </set>
    where id = #{id,jdbcType=INTEGER}
  </update>
  <update id="updateByPrimaryKey" parameterType="com.ks.pojo.News" >
    update ks_news
    set title = #{title,jdbcType=VARCHAR},
      pic = #{pic,jdbcType=VARCHAR},
      time = #{time,jdbcType=VARCHAR},
      read_count = #{readCount,jdbcType=VARCHAR}
    where id = #{id,jdbcType=INTEGER}
  </update>
</mapper>