<?xml version="1.0" encoding="UTF-8" ?>
<!DOCTYPE mapper PUBLIC "-//mybatis.org//DTD Mapper 3.0//EN" "http://mybatis.org/dtd/mybatis-3-mapper.dtd" >
<mapper namespace="com.ks.mapping.UserMapper" >
  <resultMap id="BaseResultMap" type="com.ks.pojo.User" >
    <id column="ks_uid" property="ksUid" jdbcType="INTEGER" />
    <result column="ks_name" property="ksName" jdbcType="VARCHAR" />
    <result column="ks_phone" property="ksPhone" jdbcType="VARCHAR" />
    <result column="ks_login_password" property="ksLoginPassword" jdbcType="VARCHAR" />
    <result column="ks_nicke_name" property="ksNickeName" jdbcType="VARCHAR" />
    <result column="ks_level" property="ksLevel" jdbcType="INTEGER" />
    <result column="ks_score" property="ksScore" jdbcType="INTEGER" />
    <result column="ks_create_time" property="ksCreateTime" jdbcType="VARCHAR" />
    <result column="ks_create_ip" property="ksCreateIp" jdbcType="VARCHAR" />
    <result column="ks_login_ip" property="ksLoginIp" jdbcType="VARCHAR" />
    <result column="ks_login_time" property="ksLoginTime" jdbcType="VARCHAR" />
    <result column="ks_email" property="ksEmail" jdbcType="VARCHAR" />
    <result column="ks_head_icon" property="ksHeadIcon" jdbcType="VARCHAR" />
    <result column="ks_vip" property="ksVip" jdbcType="INTEGER" />
    <result column="ks_statu_msg" property="ksStatuMsg" jdbcType="VARCHAR" />
    <result column="ks_pub_rsa" property="ksPubRsa" jdbcType="VARCHAR" />
    <result column="ks_statu" property="ksStatu" jdbcType="INTEGER" />
  </resultMap>
  <sql id="Base_Column_List" >
    ks_uid, ks_name, ks_phone, ks_nicke_name, ks_level, ks_score, 
    ks_create_time, ks_create_ip, ks_login_ip, ks_login_time, ks_email, ks_head_icon, 
    ks_vip, ks_statu_msg, ks_pub_rsa, ks_statu
  </sql>
  <select id="selectByPrimaryKey" resultMap="BaseResultMap" parameterType="java.lang.Integer" >
    select 
    <include refid="Base_Column_List" />
    from ks_user
    where ks_uid = #{ksUid,jdbcType=INTEGER}
  </select>
  <select id="selectByQuery" resultSets="java.util.List" parameterType="com.ks.pojo.User">
  select 
    <include refid="Base_Column_List" />
    from ks_user
    where 1=1 
    <if test="ksUid != null">
    and ks_uid = #{ksUid,jdbcType=INTEGER}
    </if>
    <if test="ksName != null">
    and ks_name like #{ksName,jdbcType=VARCHAR}
    </if> 
    <if test="ksPhone != null">
    and ks_phone = #{ksPhone,jdbcType=VARCHAR}
    </if>
    <if test="ksNickeName != null">
    and ks_nicke_name like #{ksNickeName,jdbcType=VARCHAR}
    </if>
    <if test="ksEmail != null">
    and ks_email = #{ksEmail,jdbcType=VARCHAR}
    </if>
  </select>
  <delete id="deleteByPrimaryKey" parameterType="java.lang.Integer" >
    delete from ks_user
    where ks_uid = #{ksUid,jdbcType=INTEGER}
  </delete>
  <insert id="insert" parameterType="com.ks.pojo.User" >
    insert into ks_user (ks_uid, ks_name, ks_phone, 
      ks_login_password, ks_nicke_name, ks_level, 
      ks_score, ks_create_time, ks_create_ip, 
      ks_login_ip, ks_login_time, ks_email, 
      ks_head_icon, ks_vip, ks_statu_msg, 
      ks_pub_rsa, ks_statu)
    values (#{ksUid,jdbcType=INTEGER}, #{ksName,jdbcType=VARCHAR}, #{ksPhone,jdbcType=VARCHAR}, 
      #{ksLoginPassword,jdbcType=VARCHAR}, #{ksNickeName,jdbcType=VARCHAR}, #{ksLevel,jdbcType=INTEGER}, 
      #{ksScore,jdbcType=INTEGER}, #{ksCreateTime,jdbcType=VARCHAR}, #{ksCreateIp,jdbcType=VARCHAR}, 
      #{ksLoginIp,jdbcType=VARCHAR}, #{ksLoginTime,jdbcType=VARCHAR}, #{ksEmail,jdbcType=VARCHAR}, 
      #{ksHeadIcon,jdbcType=VARCHAR}, #{ksVip,jdbcType=INTEGER}, #{ksStatuMsg,jdbcType=VARCHAR}, 
      #{ksPubRsa,jdbcType=VARCHAR}, #{ksStatu,jdbcType=INTEGER})
  </insert>
  <insert id="insertSelective" parameterType="com.ks.pojo.User" >
    insert into ks_user
    <trim prefix="(" suffix=")" suffixOverrides="," >
      <if test="ksUid != null" >
        ks_uid,
      </if>
      <if test="ksName != null" >
        ks_name,
      </if>
      <if test="ksPhone != null" >
        ks_phone,
      </if>
      <if test="ksLoginPassword != null" >
        ks_login_password,
      </if>
      <if test="ksNickeName != null" >
        ks_nicke_name,
      </if>
      <if test="ksLevel != null" >
        ks_level,
      </if>
      <if test="ksScore != null" >
        ks_score,
      </if>
      <if test="ksCreateTime != null" >
        ks_create_time,
      </if>
      <if test="ksCreateIp != null" >
        ks_create_ip,
      </if>
      <if test="ksLoginIp != null" >
        ks_login_ip,
      </if>
      <if test="ksLoginTime != null" >
        ks_login_time,
      </if>
      <if test="ksEmail != null" >
        ks_email,
      </if>
      <if test="ksHeadIcon != null" >
        ks_head_icon,
      </if>
      <if test="ksVip != null" >
        ks_vip,
      </if>
      <if test="ksStatuMsg != null" >
        ks_statu_msg,
      </if>
      <if test="ksPubRsa != null" >
        ks_pub_rsa,
      </if>
      <if test="ksStatu != null" >
        ks_statu,
      </if>
    </trim>
    <trim prefix="values (" suffix=")" suffixOverrides="," >
      <if test="ksUid != null" >
        #{ksUid,jdbcType=INTEGER},
      </if>
      <if test="ksName != null" >
        #{ksName,jdbcType=VARCHAR},
      </if>
      <if test="ksPhone != null" >
        #{ksPhone,jdbcType=VARCHAR},
      </if>
      <if test="ksLoginPassword != null" >
        #{ksLoginPassword,jdbcType=VARCHAR},
      </if>
      <if test="ksNickeName != null" >
        #{ksNickeName,jdbcType=VARCHAR},
      </if>
      <if test="ksLevel != null" >
        #{ksLevel,jdbcType=INTEGER},
      </if>
      <if test="ksScore != null" >
        #{ksScore,jdbcType=INTEGER},
      </if>
      <if test="ksCreateTime != null" >
        #{ksCreateTime,jdbcType=VARCHAR},
      </if>
      <if test="ksCreateIp != null" >
        #{ksCreateIp,jdbcType=VARCHAR},
      </if>
      <if test="ksLoginIp != null" >
        #{ksLoginIp,jdbcType=VARCHAR},
      </if>
      <if test="ksLoginTime != null" >
        #{ksLoginTime,jdbcType=VARCHAR},
      </if>
      <if test="ksEmail != null" >
        #{ksEmail,jdbcType=VARCHAR},
      </if>
      <if test="ksHeadIcon != null" >
        #{ksHeadIcon,jdbcType=VARCHAR},
      </if>
      <if test="ksVip != null" >
        #{ksVip,jdbcType=INTEGER},
      </if>
      <if test="ksStatuMsg != null" >
        #{ksStatuMsg,jdbcType=VARCHAR},
      </if>
      <if test="ksPubRsa != null" >
        #{ksPubRsa,jdbcType=VARCHAR},
      </if>
      <if test="ksStatu != null" >
        #{ksStatu,jdbcType=INTEGER},
      </if>
    </trim>
  </insert>
  <update id="updateByPrimaryKeySelective" parameterType="com.ks.pojo.User" >
    update ks_user
    <set >
      <if test="ksName != null" >
        ks_name = #{ksName,jdbcType=VARCHAR},
      </if>
      <if test="ksPhone != null" >
        ks_phone = #{ksPhone,jdbcType=VARCHAR},
      </if>
      <if test="ksLoginPassword != null" >
        ks_login_password = #{ksLoginPassword,jdbcType=VARCHAR},
      </if>
      <if test="ksNickeName != null" >
        ks_nicke_name = #{ksNickeName,jdbcType=VARCHAR},
      </if>
      <if test="ksLevel != null" >
        ks_level = #{ksLevel,jdbcType=INTEGER},
      </if>
      <if test="ksScore != null" >
        ks_score = #{ksScore,jdbcType=INTEGER},
      </if>
      <if test="ksCreateTime != null" >
        ks_create_time = #{ksCreateTime,jdbcType=VARCHAR},
      </if>
      <if test="ksCreateIp != null" >
        ks_create_ip = #{ksCreateIp,jdbcType=VARCHAR},
      </if>
      <if test="ksLoginIp != null" >
        ks_login_ip = #{ksLoginIp,jdbcType=VARCHAR},
      </if>
      <if test="ksLoginTime != null" >
        ks_login_time = #{ksLoginTime,jdbcType=VARCHAR},
      </if>
      <if test="ksEmail != null" >
        ks_email = #{ksEmail,jdbcType=VARCHAR},
      </if>
      <if test="ksHeadIcon != null" >
        ks_head_icon = #{ksHeadIcon,jdbcType=VARCHAR},
      </if>
      <if test="ksVip != null" >
        ks_vip = #{ksVip,jdbcType=INTEGER},
      </if>
      <if test="ksStatuMsg != null" >
        ks_statu_msg = #{ksStatuMsg,jdbcType=VARCHAR},
      </if>
      <if test="ksPubRsa != null" >
        ks_pub_rsa = #{ksPubRsa,jdbcType=VARCHAR},
      </if>
      <if test="ksStatu != null" >
        ks_statu = #{ksStatu,jdbcType=INTEGER},
      </if>
    </set>
    where ks_uid = #{ksUid,jdbcType=INTEGER}
  </update>
  <update id="updateByPrimaryKey" parameterType="com.ks.pojo.User" >
    update ks_user
    set ks_name = #{ksName,jdbcType=VARCHAR},
      ks_phone = #{ksPhone,jdbcType=VARCHAR},
      ks_login_password = #{ksLoginPassword,jdbcType=VARCHAR},
      ks_nicke_name = #{ksNickeName,jdbcType=VARCHAR},
      ks_level = #{ksLevel,jdbcType=INTEGER},
      ks_score = #{ksScore,jdbcType=INTEGER},
      ks_create_time = #{ksCreateTime,jdbcType=VARCHAR},
      ks_create_ip = #{ksCreateIp,jdbcType=VARCHAR},
      ks_login_ip = #{ksLoginIp,jdbcType=VARCHAR},
      ks_login_time = #{ksLoginTime,jdbcType=VARCHAR},
      ks_email = #{ksEmail,jdbcType=VARCHAR},
      ks_head_icon = #{ksHeadIcon,jdbcType=VARCHAR},
      ks_vip = #{ksVip,jdbcType=INTEGER},
      ks_statu_msg = #{ksStatuMsg,jdbcType=VARCHAR},
      ks_pub_rsa = #{ksPubRsa,jdbcType=VARCHAR},
      ks_statu = #{ksStatu,jdbcType=INTEGER}
    where ks_uid = #{ksUid,jdbcType=INTEGER}
  </update>
</mapper>